﻿<?xml version="1.0" encoding="utf-8" ?> 
<TrainingSet>
  <Platoon totalPlayers="1" minimumSize="4" players="0">
    <Squad players="0">
      <Fireteam players="1"></Fireteam> 
    </Squad>
  </Platoon>
  <Platoon totalPlayers="2" minimumSize="4" players="0">
    <Squad players="0">
      <Fireteam players="2"></Fireteam> 
    </Squad>
  </Platoon>
  <Platoon totalPlayers="3" minimumSize="4" players="0">
    <Squad players="0">
      <Fireteam players="3"></Fireteam> 
    </Squad>
  </Platoon>
  <Platoon totalPlayers="4" minimumSize="4" players="0">
    <Squad players="0">
      <Fireteam players="4"></Fireteam> 
    </Squad>
  </Platoon>
  <Platoon totalPlayers="5" minimumSize="4" players="0">
    <Squad players="0">
      <Fireteam players="5"></Fireteam> 
    </Squad>
  </Platoon>
  <Platoon totalPlayers="6" minimumSize="4" players="0">
    <Squad players="0">
      <Fireteam players="6"></Fireteam> 
    </Squad>
  </Platoon>
  <Platoon totalPlayers="7" minimumSize="4" players="0">
    <Squad players="0">
      <Fireteam players="7"></Fireteam> 
    </Squad>
  </Platoon>
  <Platoon totalPlayers="8" minimumSize="4" players="0">
    <Squad players="2">
      <Fireteam players="3"></Fireteam> 
      <Fireteam players="3"></Fireteam> 
    </Squad>
  </Platoon>
  <Platoon totalPlayers="9" minimumSize="4" players="0">
    <Squad players="2">
      <Fireteam players="4"></Fireteam> 
      <Fireteam players="3"></Fireteam> 
    </Squad>
  </Platoon>
  <Platoon totalPlayers="10" minimumSize="4" players="0">
    <Squad players="2">
      <Fireteam players="4"></Fireteam> 
      <Fireteam players="4"></Fireteam> 
    </Squad>
  </Platoon>
  <Platoon totalPlayers="11" minimumSize="4" players="0">
    <Squad players="2">
      <Fireteam players="5"></Fireteam> 
      <Fireteam players="4"></Fireteam> 
    </Squad>
  </Platoon>
  <Platoon totalPlayers="12" minimumSize="4" players="0">
    <Squad players="2">
      <Fireteam players="5"></Fireteam> 
      <Fireteam players="5"></Fireteam> 
    </Squad>
  </Platoon>
  <Platoon totalPlayers="13" minimumSize="4" players="0">
    <Squad players="2">
      <Fireteam players="6"></Fireteam> 
      <Fireteam players="5"></Fireteam> 
    </Squad>
  </Platoon>
  <Platoon totalPlayers="14" minimumSize="6" players="0">
    <Squad players="2">
      <Fireteam players="6"></Fireteam> 
      <Fireteam players="6"></Fireteam> 
    </Squad>
  </Platoon>
  <Platoon totalPlayers="14" minimumSize="4" players="0">
    <Squad players="2">
      <Fireteam players="4"></Fireteam> 
      <Fireteam players="4"></Fireteam> 
      <Fireteam players="4"></Fireteam> 
    </Squad>
  </Platoon>
  <Platoon totalPlayers="15" minimumSize="4" players="0">
    <Squad players="2">
      <Fireteam players="5"></Fireteam> 
      <Fireteam players="4"></Fireteam> 
      <Fireteam players="4"></Fireteam> 
    </Squad>
  </Platoon>
  <Platoon totalPlayers="16" minimumSize="4" players="0">
    <Squad players="2">
      <Fireteam players="5"></Fireteam> 
      <Fireteam players="4"></Fireteam> 
      <Fireteam players="4"></Fireteam> 
    </Squad>
  </Platoon>
  <Platoon totalPlayers="17" minimumSize="4" players="0">
    <Squad players="2">
      <Fireteam players="5"></Fireteam> 
      <Fireteam players="5"></Fireteam> 
      <Fireteam players="5"></Fireteam> 
    </Squad>
  </Platoon>
  <Platoon totalPlayers="18" minimumSize="4" players="0">
    <Squad players="2">
      <Fireteam players="6"></Fireteam> 
      <Fireteam players="5"></Fireteam> 
      <Fireteam players="5"></Fireteam> 
    </Squad>
  </Platoon>
  <Platoon totalPlayers="19" minimumSize="4" players="0">
    <Squad players="2">
      <Fireteam players="6"></Fireteam> 
      <Fireteam players="6"></Fireteam> 
      <Fireteam players="5"></Fireteam> 
    </Squad>
  </Platoon>
  <Platoon totalPlayers="20" minimumSize="4" players="0">
    <Squad players="2">
      <Fireteam players="6"></Fireteam> 
      <Fireteam players="6"></Fireteam> 
      <Fireteam players="6"></Fireteam> 
    </Squad>
  </Platoon>
  <Platoon totalPlayers="21" minimumSize="4" players="0">
    <Squad players="2">
      <Fireteam players="7"></Fireteam> 
      <Fireteam players="6"></Fireteam> 
      <Fireteam players="6"></Fireteam> 
    </Squad>
  </Platoon>
  <Platoon totalPlayers="22" minimumSize="4" players="2">
    <Squad players="2">
      <Fireteam players="4"></Fireteam> 
      <Fireteam players="4"></Fireteam> 
    </Squad>
    <Squad players="2">
      <Fireteam players="4"></Fireteam> 
      <Fireteam players="4"></Fireteam> 
    </Squad>
  </Platoon>
  <Platoon totalPlayers="23" minimumSize="4" players="2">
    <Squad players="2">
      <Fireteam players="5"></Fireteam> 
      <Fireteam players="4"></Fireteam> 
    </Squad>
    <Squad players="2">
      <Fireteam players="4"></Fireteam> 
      <Fireteam players="4"></Fireteam> 
    </Squad>
  </Platoon>
  <Platoon totalPlayers="24" minimumSize="4" players="2">
    <Squad players="2">
      <Fireteam players="5"></Fireteam> 
      <Fireteam players="4"></Fireteam> 
    </Squad>
    <Squad players="2" minimumSize="4">
      <Fireteam players="5"></Fireteam> 
      <Fireteam players="4"></Fireteam> 
    </Squad>
  </Platoon>
  <Platoon totalPlayers="25" minimumSize="4" players="2">
    <Squad players="2">
      <Fireteam players="5"></Fireteam> 
      <Fireteam players="5"></Fireteam> 
    </Squad>
    <Squad players="2">
      <Fireteam players="5"></Fireteam> 
      <Fireteam players="4"></Fireteam> 
    </Squad>
  </Platoon>
  <Platoon totalPlayers="26" minimumSize="4" players="2">
    <Squad players="2">
      <Fireteam players="4"></Fireteam> 
      <Fireteam players="4"></Fireteam> 
      <Fireteam players="4"></Fireteam> 
    </Squad>
    <Squad players="2">
      <Fireteam players="4"></Fireteam> 
      <Fireteam players="4"></Fireteam> 
    </Squad>
  </Platoon>
  <Platoon totalPlayers="26" minimumSize="5" players="2">
    <Squad players="2">
      <Fireteam players="5"></Fireteam> 
      <Fireteam players="5"></Fireteam> 
    </Squad>
    <Squad players="2">
      <Fireteam players="5"></Fireteam> 
      <Fireteam players="5"></Fireteam> 
    </Squad>
  </Platoon>
  <Platoon totalPlayers="27" minimumSize="4" players="2">
    <Squad players="2">
      <Fireteam players="4"></Fireteam> 
      <Fireteam players="4"></Fireteam> 
      <Fireteam players="4"></Fireteam> 
    </Squad>
    <Squad players="2">
      <Fireteam players="5"></Fireteam> 
      <Fireteam players="4"></Fireteam> 
    </Squad>
  </Platoon>
  <Platoon totalPlayers="27" minimumSize="5" players="2">
    <Squad players="2">
      <Fireteam players="6"></Fireteam> 
      <Fireteam players="5"></Fireteam> 
    </Squad>
    <Squad players="2">
      <Fireteam players="6"></Fireteam> 
      <Fireteam players="5"></Fireteam> 
    </Squad>
  </Platoon>
  <Platoon totalPlayers="28" minimumSize="4" players="2">
    <Squad players="2">
      <Fireteam players="4"></Fireteam> 
      <Fireteam players="4"></Fireteam> 
      <Fireteam players="4"></Fireteam> 
    </Squad>
    <Squad players="2">
      <Fireteam players="5"></Fireteam> 
      <Fireteam players="5"></Fireteam> 
    </Squad>
  </Platoon>
  <Platoon totalPlayers="28" minimumSize="5" players="2">
    <Squad players="2">
      <Fireteam players="6"></Fireteam> 
      <Fireteam players="6"></Fireteam> 
    </Squad>
    <Squad players="2">
      <Fireteam players="6"></Fireteam> 
      <Fireteam players="5"></Fireteam> 
    </Squad>
  </Platoon>
  <Platoon totalPlayers="29" minimumSize="4" players="2">
    <Squad players="2">
      <Fireteam players="5"></Fireteam> 
      <Fireteam players="4"></Fireteam> 
      <Fireteam players="4"></Fireteam> 
    </Squad>
    <Squad players="2">
      <Fireteam players="5"></Fireteam> 
      <Fireteam players="5"></Fireteam> 
    </Squad>
  </Platoon>
  <Platoon totalPlayers="29" minimumSize="5" players="2">
    <Squad players="2">
      <Fireteam players="6"></Fireteam> 
      <Fireteam players="6"></Fireteam> 
    </Squad>
    <Squad players="2">
      <Fireteam players="6"></Fireteam> 
      <Fireteam players="5"></Fireteam> 
    </Squad>
  </Platoon>
  <Platoon totalPlayers="30" minimumSize="4" players="2">
    <Squad players="2">
      <Fireteam players="4"></Fireteam> 
      <Fireteam players="4"></Fireteam> 
      <Fireteam players="4"></Fireteam> 
    </Squad>
    <Squad players="2">
      <Fireteam players="4"></Fireteam> 
      <Fireteam players="4"></Fireteam> 
      <Fireteam players="4"></Fireteam> 
    </Squad>
  </Platoon>
  <Platoon totalPlayers="30" minimumSize="5" players="2">
    <Squad players="2">
      <Fireteam players="6"></Fireteam> 
      <Fireteam players="6"></Fireteam> 
    </Squad>
    <Squad players="2">
      <Fireteam players="6"></Fireteam> 
      <Fireteam players="6"></Fireteam> 
    </Squad>
  </Platoon>
  <Platoon totalPlayers="31" minimumSize="4" players="2">
    <Squad players="2">
      <Fireteam players="5"></Fireteam> 
      <Fireteam players="4"></Fireteam> 
      <Fireteam players="4"></Fireteam> 
    </Squad>
    <Squad players="2">
      <Fireteam players="4"></Fireteam> 
      <Fireteam players="4"></Fireteam> 
      <Fireteam players="4"></Fireteam> 
    </Squad>
  </Platoon>
  <Platoon totalPlayers="31" minimumSize="5" players="2">
    <Squad players="2">
      <Fireteam players="5"></Fireteam> 
      <Fireteam players="5"></Fireteam> 
      <Fireteam players="5"></Fireteam> 
    </Squad>
    <Squad players="2">
      <Fireteam players="6"></Fireteam> 
      <Fireteam players="6"></Fireteam> 
    </Squad>
  </Platoon>
  <Platoon totalPlayers="32" minimumSize="4" players="2">
    <Squad players="2">
      <Fireteam players="5"></Fireteam> 
      <Fireteam players="4"></Fireteam> 
      <Fireteam players="4"></Fireteam> 
    </Squad>
    <Squad players="2">
      <Fireteam players="5"></Fireteam> 
      <Fireteam players="4"></Fireteam> 
      <Fireteam players="4"></Fireteam> 
    </Squad>
  </Platoon>
  <Platoon totalPlayers="32" minimumSize="5" players="2">
    <Squad players="2">
      <Fireteam players="6"></Fireteam> 
      <Fireteam players="5"></Fireteam> 
      <Fireteam players="5"></Fireteam> 
    </Squad>
    <Squad players="2">
      <Fireteam players="6"></Fireteam> 
      <Fireteam players="6"></Fireteam> 
    </Squad>
  </Platoon>
  <Platoon totalPlayers="33" minimumSize="4" players="2">
    <Squad players="2">
      <Fireteam players="5"></Fireteam> 
      <Fireteam players="5"></Fireteam> 
      <Fireteam players="4"></Fireteam> 
    </Squad>
    <Squad players="2">
      <Fireteam players="5"></Fireteam> 
      <Fireteam players="4"></Fireteam> 
      <Fireteam players="4"></Fireteam> 
    </Squad>
  </Platoon>
  <Platoon totalPlayers="33" minimumSize="5" players="2">
    <Squad players="2">
      <Fireteam players="6"></Fireteam> 
      <Fireteam players="6"></Fireteam> 
      <Fireteam players="5"></Fireteam> 
    </Squad>
    <Squad players="2">
      <Fireteam players="6"></Fireteam> 
      <Fireteam players="6"></Fireteam> 
    </Squad>
  </Platoon>
  <Platoon totalPlayers="34" minimumSize="4" players="2">
    <Squad players="2">
      <Fireteam players="5"></Fireteam> 
      <Fireteam players="5"></Fireteam> 
      <Fireteam players="4"></Fireteam> 
    </Squad>
    <Squad players="2">
      <Fireteam players="5"></Fireteam> 
      <Fireteam players="5"></Fireteam> 
      <Fireteam players="4"></Fireteam> 
    </Squad>
  </Platoon>
  <Platoon totalPlayers="34" minimumSize="5" players="2">
    <Squad players="2">
      <Fireteam players="6"></Fireteam> 
      <Fireteam players="6"></Fireteam> 
      <Fireteam players="6"></Fireteam> 
    </Squad>
    <Squad players="2">
      <Fireteam players="6"></Fireteam> 
      <Fireteam players="6"></Fireteam> 
    </Squad>
  </Platoon>
  <Platoon totalPlayers="35" minimumSize="4" players="2">
    <Squad players="2">
      <Fireteam players="5"></Fireteam> 
      <Fireteam players="5"></Fireteam> 
      <Fireteam players="5"></Fireteam> 
    </Squad>
    <Squad players="2">
      <Fireteam players="5"></Fireteam> 
      <Fireteam players="5"></Fireteam> 
      <Fireteam players="4"></Fireteam> 
    </Squad>
  </Platoon>
  <Platoon totalPlayers="36" minimumSize="4" players="2">
    <Squad players="2">
      <Fireteam players="5"></Fireteam> 
      <Fireteam players="5"></Fireteam> 
      <Fireteam players="5"></Fireteam> 
    </Squad>
    <Squad players="2">
      <Fireteam players="5"></Fireteam> 
      <Fireteam players="5"></Fireteam> 
      <Fireteam players="5"></Fireteam> 
    </Squad>
  </Platoon>
  <Platoon totalPlayers="37" minimumSize="4" players="2">
    <Squad players="2">
      <Fireteam players="6"></Fireteam> 
      <Fireteam players="5"></Fireteam> 
      <Fireteam players="5"></Fireteam> 
    </Squad>
    <Squad players="2">
      <Fireteam players="5"></Fireteam> 
      <Fireteam players="5"></Fireteam> 
      <Fireteam players="5"></Fireteam> 
    </Squad>
  </Platoon>
  <Platoon totalPlayers="38" minimumSize="4" players="2">
    <Squad players="2">
      <Fireteam players="6"></Fireteam> 
      <Fireteam players="5"></Fireteam> 
      <Fireteam players="5"></Fireteam> 
    </Squad>
    <Squad players="2">
      <Fireteam players="6"></Fireteam> 
      <Fireteam players="5"></Fireteam> 
      <Fireteam players="5"></Fireteam> 
    </Squad>
  </Platoon>
  <Platoon totalPlayers="39" minimumSize="4" players="2">
    <Squad players="2">
      <Fireteam players="6"></Fireteam> 
      <Fireteam players="6"></Fireteam> 
      <Fireteam players="5"></Fireteam> 
    </Squad>
    <Squad players="2">
      <Fireteam players="6"></Fireteam> 
      <Fireteam players="5"></Fireteam> 
      <Fireteam players="5"></Fireteam> 
    </Squad>
  </Platoon>
  <Platoon totalPlayers="40" minimumSize="4" players="2">
    <Squad players="2">
      <Fireteam players="6"></Fireteam> 
      <Fireteam players="6"></Fireteam> 
      <Fireteam players="5"></Fireteam> 
    </Squad>
    <Squad players="2">
      <Fireteam players="6"></Fireteam> 
      <Fireteam players="6"></Fireteam> 
      <Fireteam players="5"></Fireteam> 
    </Squad>
  </Platoon>
  <Platoon totalPlayers="41" minimumSize="4" players="2">
    <Squad players="2">
      <Fireteam players="6"></Fireteam> 
      <Fireteam players="6"></Fireteam> 
      <Fireteam players="6"></Fireteam> 
    </Squad>
    <Squad players="2">
      <Fireteam players="6"></Fireteam> 
      <Fireteam players="6"></Fireteam> 
      <Fireteam players="5"></Fireteam> 
    </Squad>
  </Platoon>
  <Platoon totalPlayers="42" minimumSize="4" players="2">
    <Squad players="2">
      <Fireteam players="6"></Fireteam> 
      <Fireteam players="6"></Fireteam> 
      <Fireteam players="6"></Fireteam> 
    </Squad>
    <Squad players="2">
      <Fireteam players="6"></Fireteam> 
      <Fireteam players="6"></Fireteam> 
      <Fireteam players="6"></Fireteam> 
    </Squad>
  </Platoon>
</TrainingSet>